{
  "timestamp": "2026-01-15T07:58:40.625260",
  "n_samples": 800,
  "models": {
    "bert": {
      "embedding_dim": 768,
      "d_eff": 18.416851043701172,
      "d_90": 48,
      "d_99": 108,
      "eigenvalues_top50": [
        4.144218444824219,
        3.1335105895996094,
        2.2349936962127686,
        1.286823034286499,
        1.0883392095565796,
        0.9274925589561462,
        0.8203466534614563,
        0.7424890398979187,
        0.5988103747367859,
        0.5699255466461182,
        0.49417054653167725,
        0.4558619260787964,
        0.43709883093833923,
        0.41277122497558594,
        0.409012109041214,
        0.3678540587425232,
        0.3619453012943268,
        0.33470332622528076,
        0.32290539145469666,
        0.3063323199748993,
        0.30314508080482483,
        0.28999364376068115,
        0.26990610361099243,
        0.26183852553367615,
        0.25127100944519043,
        0.24898575246334076,
        0.2343113124370575,
        0.23106974363327026,
        0.2207474708557129,
        0.21587719023227692,
        0.20438586175441742,
        0.19447842240333557,
        0.19274862110614777,
        0.1743936389684677,
        0.17088191211223602,
        0.16766482591629028,
        0.16572195291519165,
        0.14688125252723694,
        0.14636217057704926,
        0.14232726395130157,
        0.13987474143505096,
        0.13037021458148956,
        0.1185966208577156,
        0.1177307516336441,
        0.11381933838129044,
        0.11183205246925354,
        0.11022204160690308,
        0.10017392784357071,
        0.09989609569311142,
        0.09407941997051239
      ],
      "eigenvalues_sum": 27.258358001708984,
      "coverage": {
        "10": 0.20040840922300412,
        "50": 0.12339288155396338,
        "100": 0.08125502000568029,
        "200": 0.03828979388302911
      }
    },
    "simcse": {
      "embedding_dim": 768,
      "d_eff": 33.95306396484375,
      "d_90": 46,
      "d_99": 83,
      "eigenvalues_top50": [
        4.375658988952637,
        3.8017590045928955,
        3.0935006141662598,
        2.5152552127838135,
        2.4483065605163574,
        2.2173943519592285,
        1.8566901683807373,
        1.8104372024536133,
        1.739912986755371,
        1.589447259902954,
        1.4246784448623657,
        1.3778656721115112,
        1.3185166120529175,
        1.272823691368103,
        1.2119611501693726,
        1.1658116579055786,
        1.0967164039611816,
        1.0253238677978516,
        1.0132076740264893,
        0.9718846082687378,
        0.9126701951026917,
        0.9102612137794495,
        0.8259895443916321,
        0.7816007733345032,
        0.7314447164535522,
        0.7040141820907593,
        0.6684891581535339,
        0.6540755033493042,
        0.6388415098190308,
        0.631135880947113,
        0.5840142369270325,
        0.5812254548072815,
        0.5311892628669739,
        0.5229116678237915,
        0.4930192828178406,
        0.48849087953567505,
        0.4686013162136078,
        0.43200352787971497,
        0.41476961970329285,
        0.398176908493042,
        0.39468279480934143,
        0.3673746585845947,
        0.36095577478408813,
        0.3432774245738983,
        0.3231191337108612,
        0.3104640245437622,
        0.30213847756385803,
        0.298968106508255,
        0.2907360792160034,
        0.2706596553325653
      ],
      "eigenvalues_sum": 57.34798812866211,
      "coverage": {
        "10": 0.35690212207523164,
        "50": 0.19723832930794408,
        "100": 0.10871790603064764,
        "200": 0.04481853946021668
      }
    }
  }
}